游戏名,三级下载地址,提取码,解压密码
双点校园|中字-国语|V9.0.135830+全DLC-模拟器整合版|解压即撸|,链接:https://pan.baidu.com/s/1TbuZUfSaAb56GeoF4KZMNw,提取码:1pk2,解压密码:laoquzhang.com...
伊苏X 北境历险|官方中文|V1.0.3-朝霞漫舞-风吟之刃-模拟器整合版|解压即撸|,链接:https://pan.baidu.com/s/1TbuZUfSaAb56GeoF4KZMNw,提取码:1pk2,解压密码:laoquzhang.com...
超级马里奥兄弟 惊奇|官方中文|V1.0.0-模拟器整合版|解压即撸|,链接:https://pan.baidu.com/s/1TbuZUfSaAb56GeoF4KZMNw,提取码:1pk2,解压密码:laoquzhang.com...
超级马力欧 RPG|官方中文|V1.0.0-模拟器整合版|解压即撸|,链接:https://pan.baidu.com/s/1TbuZUfSaAb56GeoF4KZMNw,提取码:1pk2,解压密码:laoquzhang.com...
闪避刺客|官方中文|V1.3.12-幽灵斗士-瞬影刀客|解压即撸|,链接:https://pan.baidu.com/s/1TbuZUfSaAb56GeoF4KZMNw,提取码:1pk2,解压密码:laoquzhang.com...
Cuisineer|官方中文|V1.01-厨艺剑豪-味觉使者|解压即撸|,链接:https://pan.baidu.com/s/1TbuZUfSaAb56GeoF4KZMNw,提取码:1pk2,解压密码:laoquzhang.com...
战火英雄|官方中文|V1.4.0-弹雨疾风-硝烟掌门|解压即撸|,链接:https://pan.baidu.com/s/1TbuZUfSaAb56GeoF4KZMNw,提取码:1pk2,解压密码:laoquzhang.com...
坤坤之夜 KUNKUNNIGHT|官方中文|解压即撸|,链接:https://pan.baidu.com/s/1TbuZUfSaAb56GeoF4KZMNw,提取码:1pk2,解压密码:laoquzhang.com...
浮岛工厂 Mob Factory|官方中文|解压即撸|,链接:https://pan.baidu.com/s/1TbuZUfSaAb56GeoF4KZMNw,提取码:1pk2,解压密码:laoquzhang.com...
邪吟|官方中文|V1.5.0+底下的阴影DLC+全DLC|解压即撸|,链接:https://pan.baidu.com/s/1TbuZUfSaAb56GeoF4KZMNw,提取码:1pk2,解压密码:laoquzhang.com...
方舟 生存飞升|豪华中文|Build.12641785+预购特典-虚幻5|解压即撸|,链接:https://pan.baidu.com/s/1TbuZUfSaAb56GeoF4KZMNw,提取码:1pk2,解压密码:laoquzhang.com...
铁骑少女|官方中文|V0.5.1232-星之剑姬-风忍灵技-中文语音|解压即撸|,链接:https://pan.baidu.com/s/1TbuZUfSaAb56GeoF4KZMNw,提取码:1pk2,解压密码:laoquzhang.com...
污痕圣杯 阿瓦隆的陨落|官方中文|V0.38CBA-湖中剑的审判-恶魔契约-死亡庇护|解压即撸|,链接:https://pan.baidu.com/s/1TbuZUfSaAb56GeoF4KZMNw,提取码:1pk2,解压密码:laoquzhang.com...
黎明幸存者|官方中文|V0.3.443-末日残光-破晓战士|解压即撸|,链接:https://pan.baidu.com/s/1TbuZUfSaAb56GeoF4KZMNw,提取码:1pk2,解压密码:laoquzhang.com...
飞空艇时代 贸易帝国|官方中文|V1.2.2.2-无惧行者-天空冒险家|解压即撸|,链接:https://pan.baidu.com/s/1TbuZUfSaAb56GeoF4KZMNw,提取码:1pk2,解压密码:laoquzhang.com...
机器人任务|官方中文|V1.0.0-全新完整版|解压即撸|,链接:https://pan.baidu.com/s/1TbuZUfSaAb56GeoF4KZMNw,提取码:1pk2,解压密码:laoquzhang.com...
冒险之旅 十字军东征|官方中文|V6407154-征战圣域|解压即撸|,链接:https://pan.baidu.com/s/1TbuZUfSaAb56GeoF4KZMNw,提取码:1pk2,解压密码:laoquzhang.com...
错误 盗梦空间|官方中文|Build.12679045-梦境战魂-幻影射手|解压即撸|,链接:https://pan.baidu.com/s/1TbuZUfSaAb56GeoF4KZMNw,提取码:1pk2,解压密码:laoquzhang.com...
魔法门之黑兽战士|官方中文|Build.12627227-黑羽狂潮-幽狼战魂+全DLC|解压即撸|,链接:https://pan.baidu.com/s/1TbuZUfSaAb56GeoF4KZMNw,提取码:1pk2,解压密码:laoquzhang.com...
武林奇才|官方中文|Build.12681454-剑意深邃-武道奇雄|解压即撸|,链接:https://pan.baidu.com/s/1TbuZUfSaAb56GeoF4KZMNw,提取码:1pk2,解压密码:laoquzhang.com...
前线之战|官方中文|V1.0.12-时间编年-未来之谜|解压即撸|,链接:https://pan.baidu.com/s/1TbuZUfSaAb56GeoF4KZMNw,提取码:1pk2,解压密码:laoquzhang.com...
地下城4|官方中文|V1.0.7-神崇战法-影刃武技|解压即撸|,链接:https://pan.baidu.com/s/1TbuZUfSaAb56GeoF4KZMNw,提取码:1pk2,解压密码:laoquzhang.com...
永恒空间2|官方中文|V1.1.36529-幻梦星辰-幽远天域|解压即撸|,链接:https://pan.baidu.com/s/1TbuZUfSaAb56GeoF4KZMNw,提取码:1pk2,解压密码:laoquzhang.com...
雨中冒险 回归|官方中文|V1.0.2|解压即撸|,链接:https://pan.baidu.com/s/1TbuZUfSaAb56GeoF4KZMNw,提取码:1pk2,解压密码:laoquzhang.com...
僵尸建造防御2|官方中文|解压即撸|,链接:https://pan.baidu.com/s/1TbuZUfSaAb56GeoF4KZMNw,提取码:1pk2,解压密码:laoquzhang.com...
黎明前20分钟|官方中文|V1.0.3-全新完整版-新增角色:卡坦娜|解压即撸|,链接:https://pan.baidu.com/s/1TbuZUfSaAb56GeoF4KZMNw,提取码:1pk2,解压密码:laoquzhang.com...
空气旋风 Air Twister|官方中文|解压即撸|,链接:https://pan.baidu.com/s/1TbuZUfSaAb56GeoF4KZMNw,提取码:1pk2,解压密码:laoquzhang.com...
停车大亨 商业模拟器|官方中文|Build.12661121|解压即撸|,链接:https://pan.baidu.com/s/1TbuZUfSaAb56GeoF4KZMNw,提取码:1pk2,解压密码:laoquzhang.com...
死灵袭击 NecroAttack|官方中文|解压即撸|,链接:https://pan.baidu.com/s/1TbuZUfSaAb56GeoF4KZMNw,提取码:1pk2,解压密码:laoquzhang.com...
Ratopia|官方中文|V1.0.0022|解压即撸|,链接:https://pan.baidu.com/s/1TbuZUfSaAb56GeoF4KZMNw,提取码:1pk2,解压密码:laoquzhang.com...
骑士对巨人 破碎的神剑|官方中文|V1.0.4C-飞电斩空-虚空刀阵|解压即撸|,链接:https://pan.baidu.com/s/1TbuZUfSaAb56GeoF4KZMNw,提取码:1pk2,解压密码:laoquzhang.com...
遵命 陛下|官方中文|V0.1.1.3328|解压即撸|,链接:https://pan.baidu.com/s/1TbuZUfSaAb56GeoF4KZMNw,提取码:1pk2,解压密码:laoquzhang.com...
十字军之王3|官方中文|V1.11.0.1+波斯的遗产DLC+全DLC|解压即撸|,链接:https://pan.baidu.com/s/1TbuZUfSaAb56GeoF4KZMNw,提取码:1pk2,解压密码:laoquzhang.com...
咕咕幸存者 |官方中文|Build.12602932-万念俱灰-沙盒|解压即撸|,链接:https://pan.baidu.com/s/1TbuZUfSaAb56GeoF4KZMNw,提取码:1pk2,解压密码:laoquzhang.com...
无敌号|官方中文|V44.311+预购特典+全DLC|解压即撸|,链接:https://pan.baidu.com/s/1TbuZUfSaAb56GeoF4KZMNw,提取码:1pk2,解压密码:laoquzhang.com...
德梅奥之战 Demeo Battles|官方中文|解压即撸|,链接:https://pan.baidu.com/s/1TbuZUfSaAb56GeoF4KZMNw,提取码:1pk2,解压密码:laoquzhang.com...
末日狂欢人外岛|官方中文|解压即撸|,链接:https://pan.baidu.com/s/1TbuZUfSaAb56GeoF4KZMNw,提取码:1pk2,解压密码:laoquzhang.com...
缉私警察|官方中文|V10.1.3.1+全DLC|解压即撸|,链接:https://pan.baidu.com/s/1TbuZUfSaAb56GeoF4KZMNw,提取码:1pk2,解压密码:laoquzhang.com...
百炼登神|官方中文|V0.85-第4章-守护你的主堡-苍龙战魂-狂武风暴|解压即撸|,链接:https://pan.baidu.com/s/1TbuZUfSaAb56GeoF4KZMNw,提取码:1pk2,解压密码:laoquzhang.com...
森林之子|官方中文|V42457+修改器-罪恶营地|解压即撸|,链接:https://pan.baidu.com/s/1TbuZUfSaAb56GeoF4KZMNw,提取码:1pk2,解压密码:laoquzhang.com...
魔王终局|官方中文|Build.12669466-新的财宝-魔王弗兰肯斯坦降临-逆天冥域|解压即撸|,链接:https://pan.baidu.com/s/1TbuZUfSaAb56GeoF4KZMNw,提取码:1pk2,解压密码:laoquzhang.com...
Z字特遣队 虚空幻境|官方中文|Build.12669313-火力全开-辉耀毁灭-神域抉择|解压即撸|,链接:https://pan.baidu.com/s/1TbuZUfSaAb56GeoF4KZMNw,提取码:1pk2,解压密码:laoquzhang.com...
我是未来 悠闲末日生活|官方中文|V0.3.4.042R-重大更新-模拟生存建造-沙盒|解压即撸|,链接:https://pan.baidu.com/s/1TbuZUfSaAb56GeoF4KZMNw,提取码:1pk2,解压密码:laoquzhang.com...
几何竞技场2|官方中文|V0.3.6T1-新增12个升级-新武器|解压即撸|,链接:https://pan.baidu.com/s/1TbuZUfSaAb56GeoF4KZMNw,提取码:1pk2,解压密码:laoquzhang.com...
精灵与橡木之歌|官方中文|V1.1.6-妖魅琼歌-仙灵奏鸣|解压即撸|,链接:https://pan.baidu.com/s/1TbuZUfSaAb56GeoF4KZMNw,提取码:1pk2,解压密码:laoquzhang.com...
卧龙 苍天陨落|数字豪华|中字-国语|V1.220-仁王2联动-称霸江东+预购特典+全DLC+季票+联机|解压即撸|,链接:https://pan.baidu.com/s/1TbuZUfSaAb56GeoF4KZMNw,提取码:1pk2,解压密码:laoquzhang.com...
都市 天际线2|豪华中文|V1.0.13F1 Hotfix+全DLC|解压即撸|,链接:https://pan.baidu.com/s/1TbuZUfSaAb56GeoF4KZMNw,提取码:1pk2,解压密码:laoquzhang.com...
心灵杀手2|豪华中文|V1.0.10+全DLC+预购奖励+扩展包通行证+专属装扮内容|解压即撸|,链接:https://pan.baidu.com/s/1TbuZUfSaAb56GeoF4KZMNw,提取码:1pk2,解压密码:laoquzhang.com...
博德之门3 豪华版|官方中文|V4.1.1.3911062+预购奖励+全DLC+联机+修改器|解压即撸|,链接:https://pan.baidu.com/s/1TbuZUfSaAb56GeoF4KZMNw,提取码:1pk2,解压密码:laoquzhang.com...
星空 Starfield|豪华中文|V1.8.83.BETA+预购特典+全DLC+修改器|解压即撸|,链接:https://pan.baidu.com/s/1TbuZUfSaAb56GeoF4KZMNw,提取码:1pk2,解压密码:laoquzhang.com...
堕落之主|豪华中文|V1.1.310-暗黑双生-力量觉醒+全DLC+预购奖励+修改器|解压即撸|,链接:https://pan.baidu.com/s/1TbuZUfSaAb56GeoF4KZMNw,提取码:1pk2,解压密码:laoquzhang.com...
铁血联盟3|官方中文|V1.3.0.345543-黑色契约-绝地之战|解压即撸|,链接:https://pan.baidu.com/s/1TbuZUfSaAb56GeoF4KZMNw,提取码:1pk2,解压密码:laoquzhang.com...
英雄远征|官方中文|Build.12440260-1.04-全新完整版|解压即撸|,链接:https://pan.baidu.com/s/1TbuZUfSaAb56GeoF4KZMNw,提取码:1pk2,解压密码:laoquzhang.com...
荒野枪巫|官方中文|Build.12644665-嗜神之征-元素咏射|解压即撸|,链接:https://pan.baidu.com/s/1TbuZUfSaAb56GeoF4KZMNw,提取码:1pk2,解压密码:laoquzhang.com...
山水画乡|官方中文|Build.12666570|解压即撸|,链接:https://pan.baidu.com/s/1TbuZUfSaAb56GeoF4KZMNw,提取码:1pk2,解压密码:laoquzhang.com...
战魂铭人 豪华版|官方中文|V2.0.1-焚烬之舞-双英雄-新4DLC-追击伽罗炎|解压即撸|,链接:https://pan.baidu.com/s/1TbuZUfSaAb56GeoF4KZMNw,提取码:1pk2,解压密码:laoquzhang.com...
奇迹时代4 高级版|官方中文|V1.005.004.86176-新资料片DLC-帝国与灰烬+全DLC+季票|解压即撸|,链接:https://pan.baidu.com/s/1TbuZUfSaAb56GeoF4KZMNw,提取码:1pk2,解压密码:laoquzhang.com...
伊科内岛 筑梦之地|官方中文|解压即撸|,链接:https://pan.baidu.com/s/1TbuZUfSaAb56GeoF4KZMNw,提取码:1pk2,解压密码:laoquzhang.com...
武器部队 GUNHEAD|官方中文|解压即即撸|,链接:https://pan.baidu.com/s/1TbuZUfSaAb56GeoF4KZMNw,提取码:1pk2,解压密码:laoquzhang.com...
钴之核 COBALT CORE|官方中文|解压即撸|,链接:https://pan.baidu.com/s/1TbuZUfSaAb56GeoF4KZMNw,提取码:1pk2,解压密码:laoquzhang.com...
CYBERFIELD|官方中文|解压即撸|,链接:https://pan.baidu.com/s/1TbuZUfSaAb56GeoF4KZMNw,提取码:1pk2,解压密码:laoquzhang.com...
牛仔不能死|官方中文|解压即撸|,链接:https://pan.baidu.com/s/1TbuZUfSaAb56GeoF4KZMNw,提取码:1pk2,解压密码:laoquzhang.com...
高仿宝可梦-科洛蒙|官方中文|V1.2.2-兽灵之旅-大幅更新-新增-优化|解压即撸|,链接:https://pan.baidu.com/s/1TbuZUfSaAb56GeoF4KZMNw,提取码:1pk2,解压密码:laoquzhang.com...
根 RACINE|官方中文|V1.0.2|解压即撸|,链接:https://pan.baidu.com/s/1TbuZUfSaAb56GeoF4KZMNw,提取码:1pk2,解压密码:laoquzhang.com...
罪恶装备 斗争|豪华中文|Build.12548989-追加内容+新增功能+全DLC|解压即撸|,链接:https://pan.baidu.com/s/1TbuZUfSaAb56GeoF4KZMNw,提取码:1pk2,解压密码:laoquzhang.com...
战国王朝|官方中文|Build.12652580-剑锋乱世-御风而行|解压即撸|,链接:https://pan.baidu.com/s/1TbuZUfSaAb56GeoF4KZMNw,提取码:1pk2,解压密码:laoquzhang.com...
海岛大亨6|国语-中字|V1.21.1109+全DLC|解压即撸|,链接:https://pan.baidu.com/s/1TbuZUfSaAb56GeoF4KZMNw,提取码:1pk2,解压密码:laoquzhang.com...
永恒之夜|官方中文|V3.0.0-天翼战歌+全DLC|解压即撸|,链接:https://pan.baidu.com/s/1TbuZUfSaAb56GeoF4KZMNw,提取码:1pk2,解压密码:laoquzhang.com...
神州志 西游|官方中文|V1.12.33B-开放试炼-仙境风云-神妙绝学|解压即撸|,链接:https://pan.baidu.com/s/1TbuZUfSaAb56GeoF4KZMNw,提取码:1pk2,解压密码:laoquzhang.com...
要塞 决定版|官方中文|Build.12662053-1.01+全DLC|解压即撸|,链接:https://pan.baidu.com/s/1TbuZUfSaAb56GeoF4KZMNw,提取码:1pk2,解压密码:laoquzhang.com...
预先号令|官方中文|V108199-闪击悍将-先导行动|解压即撸|,链接:https://pan.baidu.com/s/1TbuZUfSaAb56GeoF4KZMNw,提取码:1pk2,解压密码:laoquzhang.com...
极限竞速 地平线5|官方中文|V1.624.534.0-全新内容-燃魂狂潮-炽热绽放+全DLC|解压即撸|,链接:https://pan.baidu.com/s/1TbuZUfSaAb56GeoF4KZMNw,提取码:1pk2,解压密码:laoquzhang.com...
曼岛TT 边缘竞速3|官方中文|Build.12427127-2023 TT赛车名单DLC-性能优化-4K|解压即撸|,链接:https://pan.baidu.com/s/1TbuZUfSaAb56GeoF4KZMNw,提取码:1pk2,解压密码:laoquzhang.com...
盐与献祭|官方中文|V2.0.0.0A8-全新完整版|解压即撸|,链接:https://pan.baidu.com/s/1TbuZUfSaAb56GeoF4KZMNw,提取码:1pk2,解压密码:laoquzhang.com...
魔法工艺 Magicraft|官方中文|V0.6.32|解压即撸|,链接:https://pan.baidu.com/s/1TbuZUfSaAb56GeoF4KZMNw,提取码:1pk2,解压密码:laoquzhang.com...
超级双截龙 Super Double Dragon|官方中文|解压即撸|,链接:https://pan.baidu.com/s/1TbuZUfSaAb56GeoF4KZMNw,提取码:1pk2,解压密码:laoquzhang.com...
双截龙Advance|官方中文|解压即撸|,链接:https://pan.baidu.com/s/1TbuZUfSaAb56GeoF4KZMNw,提取码:1pk2,解压密码:laoquzhang.com...
破碎天堂|官方中文|Build.12649902+原声带+全DLC|解压即撸|,链接:https://pan.baidu.com/s/1TbuZUfSaAb56GeoF4KZMNw,提取码:1pk2,解压密码:laoquzhang.com...
战锤40K 暗潮|官方中文|V1.2.1604.0-冰霜女王-斩魔者-联机-单机|解压即撸|,链接:https://pan.baidu.com/s/1TbuZUfSaAb56GeoF4KZMNw,提取码:1pk2,解压密码:laoquzhang.com...
诡闻斋·潜入|官方中文|Build.12660411-1.0.0.2|解压即撸|,链接:https://pan.baidu.com/s/1TbuZUfSaAb56GeoF4KZMNw,提取码:1pk2,解压密码:laoquzhang.com...
为了吾王2|官方中文|V1.0.19+全DLC+原声带|解压即撸|,链接:https://pan.baidu.com/s/1TbuZUfSaAb56GeoF4KZMNw,提取码:1pk2,解压密码:laoquzhang.com...
安妮的游戏|官方中文|V0.992.11.9-人类角色外观+街机挑战生存-欲望竞技|解压即撸|,链接:https://pan.baidu.com/s/1TbuZUfSaAb56GeoF4KZMNw,提取码:1pk2,解压密码:laoquzhang.com...
除魔英雄|官方中文|V2.0.0-通天塔3-出售模式+神秘峡谷+通天塔2|解压即撸|,链接:https://pan.baidu.com/s/1TbuZUfSaAb56GeoF4KZMNw,提取码:1pk2,解压密码:laoquzhang.com...
破晓传说|豪华中文|Build.12162925-黎明新程-英勇的绽放+预购特典+全DLC|解压即撸|,链接:https://pan.baidu.com/s/1TbuZUfSaAb56GeoF4KZMNw,提取码:1pk2,解压密码:laoquzhang.com...
零世代 新曙光|黄金中文版|V2625537-北境之怒-FNIX的复仇+全DLC|解压即撸|,链接:https://pan.baidu.com/s/1TbuZUfSaAb56GeoF4KZMNw,提取码:1pk2,解压密码:laoquzhang.com...
茧 Cocoon|官方中文|Build.12582051-重要更新|解压即撸|,链接:https://pan.baidu.com/s/1TbuZUfSaAb56GeoF4KZMNw,提取码:1pk2,解压密码:laoquzhang.com...
地狱卡牌|官方中文|Build.12552588-冥界幕牌-纸上地狱-真无尽模式|解压即撸|,链接:https://pan.baidu.com/s/1TbuZUfSaAb56GeoF4KZMNw,提取码:1pk2,解压密码:laoquzhang.com...
警察模拟器 巡警|官方中文|V11.3.0+全DLC-全新解锁地形-车辆|解压即撸|,链接:https://pan.baidu.com/s/1TbuZUfSaAb56GeoF4KZMNw,提取码:1pk2,解压密码:laoquzhang.com...
微观世界大冒险 禁闭求生|官方中文|Build.12666274-孤立无援|解压即撸|,链接:https://pan.baidu.com/s/1TbuZUfSaAb56GeoF4KZMNw,提取码:1pk2,解压密码:laoquzhang.com...
失忆症 地堡|官方中文|V1.7.0+全DLC|解压即撸|,链接:https://pan.baidu.com/s/1TbuZUfSaAb56GeoF4KZMNw,提取码:1pk2,解压密码:laoquzhang.com...
GigaBash 巨击大乱斗|官方中文|V1.3.0+奥特曼DLC+全DLC|解压即撸|,链接:https://pan.baidu.com/s/1TbuZUfSaAb56GeoF4KZMNw,提取码:1pk2,解压密码:laoquzhang.com...
奥雷萨之下|官方中文|V1.0.18-雪原飞舞-圣火燃尽-派系之争|解压即撸|,链接:https://pan.baidu.com/s/1TbuZUfSaAb56GeoF4KZMNw,提取码:1pk2,解压密码:laoquzhang.com...
瘟疫列车|官方中文|V1.0.5-生死轨道-灭世之轮|解压即撸|,链接:https://pan.baidu.com/s/1TbuZUfSaAb56GeoF4KZMNw,提取码:1pk2,解压密码:laoquzhang.com...
银河文明IV|官方中文|V2.01|解压即撸|,链接:https://pan.baidu.com/s/1TbuZUfSaAb56GeoF4KZMNw,提取码:1pk2,解压密码:laoquzhang.com...
灯塔守护者联盟|官方中文|V1.2.0.66060|解压即撸|,链接:https://pan.baidu.com/s/1TbuZUfSaAb56GeoF4KZMNw,提取码:1pk2,解压密码:laoquzhang.com...
星际迷航 无限|官方中文|V1.0.3|解压即撸|,链接:https://pan.baidu.com/s/1TbuZUfSaAb56GeoF4KZMNw,提取码:1pk2,解压密码:laoquzhang.com...
阿喀琉斯 不为人知的传奇|官方中文|V1.0.2-全新完整版-黑暗狂徒-玄武神盾|解压即撸|,链接:https://pan.baidu.com/s/1TbuZUfSaAb56GeoF4KZMNw,提取码:1pk2,解压密码:laoquzhang.com...
超级过载|官方中文|V1.18-异能狂怒-冷酷机械|解压即撸|,链接:https://pan.baidu.com/s/1TbuZUfSaAb56GeoF4KZMNw,提取码:1pk2,解压密码:laoquzhang.com...
蓝精灵2 绿石之囚|官方中文|V1.03.1|解压即撸|,链接:https://pan.baidu.com/s/1TbuZUfSaAb56GeoF4KZMNw,提取码:1pk2,解压密码:laoquzhang.com...
贱贱爵士|官方中文|V1097|解压即撸|,链接:https://pan.baidu.com/s/1TbuZUfSaAb56GeoF4KZMNw,提取码:1pk2,解压密码:laoquzhang.com...
心魔|官方中文|V1.0.5-暗影的背叛-沉默秘密|解压即撸|,链接:https://pan.baidu.com/s/1TbuZUfSaAb56GeoF4KZMNw,提取码:1pk2,解压密码:laoquzhang.com...
荒原疗者|官方中文|Build.12650802-孤行旅者-生命的征程|解压即撸|,链接:https://pan.baidu.com/s/1TbuZUfSaAb56GeoF4KZMNw,提取码:1pk2,解压密码:laoquzhang.com...
Poly Bridge 3|官方中文|V1.3.2-新建筑-呼风之地|解压即撸|,链接:https://pan.baidu.com/s/1TbuZUfSaAb56GeoF4KZMNw,提取码:1pk2,解压密码:laoquzhang.com...
英灵神殿|官方中文|V0.217.28-神域使者|解压即撸|,链接:https://pan.baidu.com/s/1TbuZUfSaAb56GeoF4KZMNw,提取码:1pk2,解压密码:laoquzhang.com...
竹书纪年 三国志风云录|官方中文|Build.12666406-关卡优化-成就系统-虎牢之战|解压即撸|,链接:https://pan.baidu.com/s/1TbuZUfSaAb56GeoF4KZMNw,提取码:1pk2,解压密码:laoquzhang.com...
浮生箓2 九九行歌|中字-国语|V1.0.2.48-五大仙宗-锻造-境界化神-灵气抢夺-沙盒|解压即撸|,链接:https://pan.baidu.com/s/1TbuZUfSaAb56GeoF4KZMNw,提取码:1pk2,解压密码:laoquzhang.com...
幻想曹操传2|官方中文|V1.231108.3-夜幕江湖-红颜刀影+全DLC|解压即撸|,链接:https://pan.baidu.com/s/1TbuZUfSaAb56GeoF4KZMNw,提取码:1pk2,解压密码:laoquzhang.com...
潜水员戴夫|豪华中文|V10.1.1144+全DLC|解压即撸|,链接:https://pan.baidu.com/s/1TbuZUfSaAb56GeoF4KZMNw,提取码:1pk2,解压密码:laoquzhang.com...
九霄风云录|官方中文|V1.0.15-新增兽灵+无尽模式+新7个角色|解压即撸|,链接:https://pan.baidu.com/s/1TbuZUfSaAb56GeoF4KZMNw,提取码:1pk2,解压密码:laoquzhang.com...
传说与战术自走棋|官方中文|Build.12665441-Hotfix9-10-新角色-矮人战士-特.帕胡德|解压即撸|,链接:https://pan.baidu.com/s/1TbuZUfSaAb56GeoF4KZMNw,提取码:1pk2,解压密码:laoquzhang.com...
信长之野望 新生 威力加强版|豪华中文|V1.1.25+全DLC+预购特典+修改器|解压即撸|,链接:https://pan.baidu.com/s/1TbuZUfSaAb56GeoF4KZMNw,提取码:1pk2,解压密码:laoquzhang.com...
雨中冒险2|官方中文|V1.2.4.4-绝地突围-异界奋战|解压即撸|,链接:https://pan.baidu.com/s/1TbuZUfSaAb56GeoF4KZMNw,提取码:1pk2,解压密码:laoquzhang.com...
罪城骇客|官方中文|V1.0.2.25|解压即撸|,链接:https://pan.baidu.com/s/1TbuZUfSaAb56GeoF4KZMNw,提取码:1pk2,解压密码:laoquzhang.com...
机械战警 暴戾都市|官方中文|Build.12601932-预购特典-未来之人|解压即撸|,链接:https://pan.baidu.com/s/1TbuZUfSaAb56GeoF4KZMNw,提取码:1pk2,解压密码:laoquzhang.com...
夜不收 荡寇风云|官方中文|解压即撸|,链接:https://pan.baidu.com/s/1TbuZUfSaAb56GeoF4KZMNw,提取码:1pk2,解压密码:laoquzhang.com...
开拓者 绞刑塔幸存者|官方中文|V1.0.2444-荒野剑士-兵士的誓言|解压即撸|,链接:https://pan.baidu.com/s/1TbuZUfSaAb56GeoF4KZMNw,提取码:1pk2,解压密码:laoquzhang.com...
丁丁历险记 法老的雪茄|官方中文|Build.12634658-1.0.34979+全DLC+预购奖励|解压即撸|,链接:https://pan.baidu.com/s/1TbuZUfSaAb56GeoF4KZMNw,提取码:1pk2,解压密码:laoquzhang.com...
怪物猎人世界 冰原|豪华中文|V15.20.02+全套装+全DLC|解压即撸|,链接:https://pan.baidu.com/s/1TbuZUfSaAb56GeoF4KZMNw,提取码:1pk2,解压密码:laoquzhang.com...
翼星求生|官方中文|V2.1.3.117372+未知领域DLC+全DLC+修改器|解压即撸|,链接:https://pan.baidu.com/s/1TbuZUfSaAb56GeoF4KZMNw,提取码:1pk2,解压密码:laoquzhang.com...
隔离区 丧尸末日生存|官方中文|V0.62.5.6.4-丧尽天良-救赎之路-末日沙盒|解压即撸|,链接:https://pan.baidu.com/s/1TbuZUfSaAb56GeoF4KZMNw,提取码:1pk2,解压密码:laoquzhang.com...
最远的边陲|官方中文|V0.9.1P7-荒野边缘-庇护之地|解压即撸|,链接:https://pan.baidu.com/s/1TbuZUfSaAb56GeoF4KZMNw,提取码:1pk2,解压密码:laoquzhang.com...
觉醒者 遗忘之誓|官方中文|解压即撸|,链接:https://pan.baidu.com/s/1TbuZUfSaAb56GeoF4KZMNw,提取码:1pk2,解压密码:laoquzhang.com...
蔷薇的夜宴2 蓝玉石|官方中文|Build.12609879|解压即撸|,链接:https://pan.baidu.com/s/1TbuZUfSaAb56GeoF4KZMNw,提取码:1pk2,解压密码:laoquzhang.com...
划破|官方中文|V1.1.4-崩山破-天雷裂|解压即撸|,链接:https://pan.baidu.com/s/1TbuZUfSaAb56GeoF4KZMNw,提取码:1pk2,解压密码:laoquzhang.com...
鬼灵双盗|官方中文|V1.0.0.7.1-灵招刀客-盗心之谜|解压即撸|,链接:https://pan.baidu.com/s/1TbuZUfSaAb56GeoF4KZMNw,提取码:1pk2,解压密码:laoquzhang.com...
降妖散记|官方中文|Build.12630245-魔妖擒拿-龙腾虎跃|解压即撸|,链接:https://pan.baidu.com/s/1TbuZUfSaAb56GeoF4KZMNw,提取码:1pk2,解压密码:laoquzhang.com...
觅长生|官方中文|V1.0.038-奇途命线-星图启示-化尘教|解压即撸|,链接:https://pan.baidu.com/s/1TbuZUfSaAb56GeoF4KZMNw,提取码:1pk2,解压密码:laoquzhang.com...
三国真龙传|官方中文|V2.2.0-古剑掠影-龙啸九天|解压即撸|,链接:https://pan.baidu.com/s/1TbuZUfSaAb56GeoF4KZMNw,提取码:1pk2,解压密码:laoquzhang.com...
兰若异谭|中字-国语-粤语|V1.4.1102-幻渺之境–无尽模式-飞花逐梦|解压即撸|,链接:https://pan.baidu.com/s/1TbuZUfSaAb56GeoF4KZMNw,提取码:1pk2,解压密码:laoquzhang.com...
古代风云传|官方中文|Build.12635489-修复-换装系统-剑舞红袖-绝技梦华+全DLC|解压即撸|,链接:https://pan.baidu.com/s/1TbuZUfSaAb56GeoF4KZMNw,提取码:1pk2,解压密码:laoquzhang.com...
寓言之地 Fabledom|官方中文|Build.12628244-童话王国-起源之初+全DLC|解压即撸|,链接:https://pan.baidu.com/s/1TbuZUfSaAb56GeoF4KZMNw,提取码:1pk2,解压密码:laoquzhang.com...
同舟共济|官方中文|V1.3.1|解压即撸|,链接:https://pan.baidu.com/s/1TbuZUfSaAb56GeoF4KZMNw,提取码:1pk2,解压密码:laoquzhang.com...
亡者日记|官方中文|Build.9782615|解压即撸|,链接:https://pan.baidu.com/s/1TbuZUfSaAb56GeoF4KZMNw,提取码:1pk2,解压密码:laoquzhang.com...
风语者 天空起源|官方中文|Build.9613549|解压即撸|,链接:https://pan.baidu.com/s/1TbuZUfSaAb56GeoF4KZMNw,提取码:1pk2,解压密码:laoquzhang.com...
太阳港 Sun Haven|官方中文|V1.3.1A+全DLC|解压即撸|,链接:https://pan.baidu.com/s/1TbuZUfSaAb56GeoF4KZMNw,提取码:1pk2,解压密码:laoquzhang.com...
流浪汉模拟器|官方中文|V3.7.12A|解压即撸|,链接:https://pan.baidu.com/s/1TbuZUfSaAb56GeoF4KZMNw,提取码:1pk2,解压密码:laoquzhang.com...
死链|官方中文|V1.1.22489-断魂战场-彻骨毁灭|解压即撸|,链接:https://pan.baidu.com/s/1TbuZUfSaAb56GeoF4KZMNw,提取码:1pk2,解压密码:laoquzhang.com...
英灵学院|官方中文|Build.12609883-战意凛然-斗志燃烧|解压即撸|,链接:https://pan.baidu.com/s/1TbuZUfSaAb56GeoF4KZMNw,提取码:1pk2,解压密码:laoquzhang.com...
不思议的皇冠|官方中文|V6828960-元素安魂曲-无尽模式-深渊囚牢|解压即撸|,链接:https://pan.baidu.com/s/1TbuZUfSaAb56GeoF4KZMNw,提取码:1pk2,解压密码:laoquzhang.com...
吸血鬼的堕落 起源|官方中文|Build.12590763-血王之咒-永夜狂袭|解压即撸|,链接:https://pan.baidu.com/s/1TbuZUfSaAb56GeoF4KZMNw,提取码:1pk2,解压密码:laoquzhang.com...
花园故事|官方中文|Build.12616190|解压即撸|,链接:https://pan.baidu.com/s/1TbuZUfSaAb56GeoF4KZMNw,提取码:1pk2,解压密码:laoquzhang.com...
铁轨与墓穴|官方中文|V0.7.0.0-偏执与清醒-虚空传送门|解压即撸|,链接:https://pan.baidu.com/s/1TbuZUfSaAb56GeoF4KZMNw,提取码:1pk2,解压密码:laoquzhang.com...
潜渊症|官方中文|V1.1.19.3-叛离潮汐-末日前的曙光|解压即撸|,链接:https://pan.baidu.com/s/1TbuZUfSaAb56GeoF4KZMNw,提取码:1pk2,解压密码:laoquzhang.com...
虫潮 Insect Swarm|官方中文|V0.7.7-支持SteamDeck-灰烬-暴虐兽袭击|解压即撸|,链接:https://pan.baidu.com/s/1TbuZUfSaAb56GeoF4KZMNw,提取码:1pk2,解压密码:laoquzhang.com...
狂想乐园|豪华中文|V2.1.0.153766-极致狂想-主题世界DLC+全DLC|解压即撸|,链接:https://pan.baidu.com/s/1TbuZUfSaAb56GeoF4KZMNw,提取码:1pk2,解压密码:laoquzhang.com...
修炼成仙|官方中文|V1.0.8-渡劫后自动轮回|解压即撸|,链接:https://pan.baidu.com/s/1TbuZUfSaAb56GeoF4KZMNw,提取码:1pk2,解压密码:laoquzhang.com...
传奇生物2|官方中文|1.04.HF3-新设施-战争学院-灵魂宰夫-召唤异生物|解压即撸|,链接:https://pan.baidu.com/s/1TbuZUfSaAb56GeoF4KZMNw,提取码:1pk2,解压密码:laoquzhang.com...
边境猎人 艾尔莎的命运之轮|豪华中文|VEA0.8.01-新地图-新剧情+全DLC-支持手柄|解压即撸|,链接:https://pan.baidu.com/s/1TbuZUfSaAb56GeoF4KZMNw,提取码:1pk2,解压密码:laoquzhang.com...
猛禽之剑|官方中文|V3238340|解压即撸|,链接:https://pan.baidu.com/s/1TbuZUfSaAb56GeoF4KZMNw,提取码:1pk2,解压密码:laoquzhang.com...
苍翼 混沌效应|官方中文|V1.0.0.64730-新增全新内容-元素乱流-时空涟漪|解压即撸|,链接:https://pan.baidu.com/s/1TbuZUfSaAb56GeoF4KZMNw,提取码:1pk2,解压密码:laoquzhang.com...
